"variable","modele_imputation","metrique","erreur_moyenne","sd_erreur","q025","mediane","q975","ic_moyenne_bas","ic_moyenne_haut","nb_repetitions","rang"
"pa_repos","RandomForest","RMSE",17.6966509508296,1.56881830945422,14.9231468531699,17.6578369531745,20.7862957904927,17.110844566621,18.2824573350383,30,1
"pa_repos","EM","RMSE",17.7043518614096,1.54783921276706,14.9145941265838,17.5961709524756,20.6102923775293,17.1263792006475,18.2823245221716,30,2
"pa_repos","AFDM","RMSE",17.9702303932002,1.50726527057417,15.6393051161501,17.7857489068674,21.0799186778487,17.4074082914454,18.533052494955,30,3
"pa_repos","mean","RMSE",18.2268617772034,1.5585856705938,15.5257793362545,17.9613566191379,21.480735188388,17.6448763231404,18.8088472312663,30,4
"pa_repos","median","RMSE",18.2867116746209,1.68191646302464,15.3627490744798,18.0374180695647,21.7112314603034,17.658673745813,18.9147496034288,30,5
"pa_repos","Knn","RMSE",18.7826853764769,1.36694326552451,16.5280067743122,18.6396318518604,21.3356153809192,18.2722603725299,19.293110380424,30,6
"pa_repos","mice","RMSE",19.4001603090627,1.55871355713613,16.4698067119965,19.1847283921387,22.2892180746898,18.8181271013801,19.9821935167454,30,7
"pa_repos","ACP","RMSE",20.0117046553796,2.01061615921498,16.5577101662087,19.6333281124475,23.8410945301562,19.2609282428637,20.7624810678954,30,8
"pa_repos","mode","RMSE",21.7192689166409,2.16614089412098,18.2029623418736,21.5758683526596,25.4471011535502,20.9104186136935,22.5281192195884,30,9
"cholesterol","EM","RMSE",57.1216825351779,7.46406664695768,47.4241917577454,55.7026632827261,73.4874790850645,54.3345542440324,59.9088108263233,30,1
"cholesterol","AFDM","RMSE",57.1551378463315,7.34931369707455,47.6083974150806,55.246062837895,73.3135905209692,54.4108590108835,59.8994166817795,30,2
"cholesterol","mean","RMSE",57.1861040728431,7.560207018406,46.8488996394225,55.4579609302778,73.4026990916959,54.3630763770086,60.0091317686775,30,3
"cholesterol","median","RMSE",57.5400690245919,7.87028064696615,46.8763281556602,55.1218777318645,74.6774138563355,54.6012579330062,60.4788801161776,30,4
"cholesterol","RandomForest","RMSE",57.8242756091111,7.03173500424402,48.7065886430178,57.0982521509874,71.9267938584033,55.1985826064696,60.4499686117525,30,5
"cholesterol","ACP","RMSE",58.346526762246,7.38922710660226,47.1476384809992,58.0850068384882,75.1417508267439,55.5873440147414,61.1057095097506,30,6
"cholesterol","Knn","RMSE",60.9370991018939,6.07021886431289,50.4600989871889,59.8169808926043,74.064139220963,58.6704421264947,63.2037560772931,30,7
"cholesterol","mice","RMSE",62.47049613674,6.6749773570635,52.0440593122564,62.0277058411466,74.8990163986273,59.9780186288911,64.9629736445889,30,8
"cholesterol","mode","RMSE",63.7183695802925,9.79599523693411,50.5593538081779,62.033766765812,82.3822532012238,60.0604848431682,67.3762543174168,30,9
"glyc_jeun_elevee","mode","taux_erreur",0.168674698795181,0.031954938966397,0.117168674698795,0.162650602409639,0.220180722891566,0.156742528485398,0.180606869104964,30,1
"glyc_jeun_elevee","RandomForest","taux_erreur",0.169076305220884,0.0344402692793688,0.110542168674699,0.156626506024096,0.232228915662651,0.156216097320366,0.181936513121401,30,2
"glyc_jeun_elevee","AFDM","taux_erreur",0.173092369477912,0.0320305597200725,0.120481927710843,0.180722891566265,0.220180722891566,0.16113196191464,0.185052777041184,30,3
"glyc_jeun_elevee","ACP","taux_erreur",0.18995983935743,0.0422941137824134,0.125903614457831,0.192771084337349,0.256325301204819,0.174166957722331,0.205752720992528,30,4
"glyc_jeun_elevee","Knn","taux_erreur",0.190763052208835,0.0379791097226134,0.120481927710843,0.192771084337349,0.253012048192771,0.176581419569802,0.204944684847868,30,5
"glyc_jeun_elevee","mice","taux_erreur",0.192771084337349,0.0382308834909093,0.108433734939759,0.198795180722892,0.244277108433735,0.17849543782816,0.207046730846539,30,6
"ecg_repos","AFDM","taux_erreur",0.380586080586081,0.0455822097847754,0.323626373626374,0.368131868131868,0.470604395604396,0.36356540372545,0.397606757446711,30,1
"ecg_repos","RandomForest","taux_erreur",0.380586080586081,0.0471979319636201,0.307692307692308,0.379120879120879,0.48956043956044,0.362962083148574,0.398210078023588,30,1
"ecg_repos","ACP","taux_erreur",0.386446886446886,0.0415285894359399,0.307692307692308,0.379120879120879,0.46456043956044,0.370939856300599,0.401953916593174,30,3
"ecg_repos","mode","taux_erreur",0.397802197802198,0.0452996616597636,0.287637362637363,0.406593406593407,0.472527472527473,0.380887026145376,0.414717369459019,30,4
"ecg_repos","Knn","taux_erreur",0.4,0.0467651107770565,0.326648351648352,0.401098901098901,0.497527472527473,0.382537620649675,0.417462379350325,30,5
"ecg_repos","mice","taux_erreur",0.404761904761905,0.0384028495371564,0.348626373626374,0.395604395604396,0.487637362637363,0.390422045075733,0.419101764448077,30,6
"fc_max","RandomForest","RMSE",20.033739311964,1.3596687464277,17.6174190136333,20.3049879706104,22.1467167551707,19.5260306580897,20.5414479658383,30,1
"fc_max","AFDM","RMSE",21.3150992008395,1.31733984195417,19.1316134318315,21.6245718168671,23.2675521988456,20.8231964196579,21.8070019820212,30,2
"fc_max","mice","RMSE",21.9147988327918,1.5037493458289,19.4863504657292,21.8662108119112,24.1691167719163,21.3532895989133,22.4763080666703,30,3
"fc_max","Knn","RMSE",22.2224727922096,1.55410233164604,19.0785858954643,22.4772278775746,24.3504833124126,21.6421614444229,22.8027841399963,30,4
"fc_max","EM","RMSE",23.9269163331329,1.40130563449035,22.0254012975163,23.5129098861231,26.6266605827845,23.4036602097405,24.4501724565253,30,5
"fc_max","mean","RMSE",25.5400743291535,1.69714165261559,22.9423533873689,25.3930837601906,28.3342625943113,24.906351221119,26.1737974371879,30,6
"fc_max","median","RMSE",25.739618680181,1.72100075242701,23.0198456755562,25.7053021266437,28.5975568966913,25.0969864378595,26.3822509225026,30,7
"fc_max","mode","RMSE",28.0136894206054,2.50985779159887,23.0198456755562,28.4642762904395,32.6746467210692,27.0764931188323,28.9508857223786,30,8
"fc_max","ACP","RMSE",44.2795806856075,3.78771547797074,36.8495011421906,44.4857872442946,51.0434929525978,42.8652244818396,45.6939368893754,30,9
"angine_effort","RandomForest","taux_erreur",0.207364341085271,0.0288214467444732,0.153197674418605,0.22093023255814,0.247383720930233,0.196602236000638,0.218126446169904,30,1
"angine_effort","AFDM","taux_erreur",0.251937984496124,0.0478294985219889,0.162790697674419,0.255813953488372,0.340406976744186,0.234078156229951,0.269797812762297,30,2
"angine_effort","mice","taux_erreur",0.262403100775194,0.0516131065766647,0.174418604651163,0.261627906976744,0.361627906976744,0.243130450042317,0.28167575150807,30,3
"angine_effort","Knn","taux_erreur",0.264341085271318,0.0492321198001067,0.186046511627907,0.27906976744186,0.355232558139535,0.245957509612348,0.282724660930288,30,4
"angine_effort","ACP","taux_erreur",0.366279069767442,0.0494981434541196,0.290697674418605,0.354651162790698,0.468313953488372,0.347796159243541,0.384761980291343,30,5
"angine_effort","mode","taux_erreur",0.376356589147287,0.0486174585265481,0.302325581395349,0.377906976744186,0.465116279069767,0.358202531779891,0.394510646514682,30,6
"depress_st","RandomForest","RMSE",0.907963586045748,0.078664818136409,0.776159330698095,0.926277410675193,1.03136816337458,0.878589660206653,0.937337511884843,30,1
"depress_st","Knn","RMSE",0.987493388757448,0.080679815067771,0.848534099340691,0.98652911809177,1.1218842332927,0.957367050698634,1.01761972681626,30,2
"depress_st","AFDM","RMSE",0.990969292165705,0.0882515596317538,0.847420873079517,1.02397895160682,1.12169586791176,0.958015618220734,1.02392296611067,30,3
"depress_st","mice","RMSE",1.00659719585617,0.094682382469421,0.850965698046509,1.01028055076056,1.1566628296186,0.971242213199211,1.04195217851313,30,4
"depress_st","EM","RMSE",1.06628842159139,0.0941951119440654,0.922903577675091,1.07483977963286,1.20374711786756,1.03111538873886,1.10146145444392,30,5
"depress_st","mean","RMSE",1.10139855452556,0.0950118790334012,0.951761062752047,1.11207074967913,1.25283300948248,1.06592053582957,1.13687657322155,30,6
"depress_st","median","RMSE",1.17132550101738,0.11443707394996,0.97809195450686,1.15343050399696,1.34168582512596,1.12859399533183,1.21405700670294,30,7
"depress_st","mode","RMSE",1.42122597089731,0.122528609235086,1.21263926150195,1.40690922852804,1.59726531215082,1.37547303628049,1.46697890551412,30,8
"depress_st","ACP","RMSE",1.72397170058603,0.117153126466616,1.46749408995028,1.73956410789525,1.91108118595647,1.680226004223,1.76771739694907,30,9
"pente_st","RandomForest","taux_erreur",0.322404371584699,0.0529606690560317,0.19672131147541,0.327868852459016,0.414344262295082,0.302628532752362,0.342180210417036,30,1
"pente_st","AFDM","taux_erreur",0.347540983606557,0.0545240799378679,0.262295081967213,0.344262295081967,0.435245901639344,0.327181357556668,0.367900609656446,30,2
"pente_st","Knn","taux_erreur",0.347540983606557,0.0561980128252491,0.262295081967213,0.344262295081967,0.447131147540984,0.326556300743999,0.368525666469116,30,2
"pente_st","mice","taux_erreur",0.388524590163934,0.0483537088647627,0.29344262295082,0.39344262295082,0.463524590163934,0.370469018538817,0.406580161789051,30,4
"pente_st","median","taux_erreur",0.444262295081967,0.0462375658998991,0.368032786885246,0.442622950819672,0.524590163934426,0.426996904226188,0.461527685937747,30,5
"pente_st","mode","taux_erreur",0.444262295081967,0.0462375658998991,0.368032786885246,0.442622950819672,0.524590163934426,0.426996904226188,0.461527685937747,30,5
"pente_st","ACP","taux_erreur",0.466120218579235,0.0672046118700761,0.339754098360656,0.467213114754098,0.561885245901639,0.441025604088502,0.491214833069968,30,7
"nb_vaisseaux","RandomForest","taux_erreur",0.423333333333333,0.102141814119247,0.2725,0.4,0.633333333333333,0.385192953121601,0.461473713545065,30,1
"nb_vaisseaux","mice","taux_erreur",0.425555555555556,0.098137183416062,0.281666666666667,0.4,0.633333333333333,0.388910529023843,0.462200582087268,30,2
"nb_vaisseaux","median","taux_erreur",0.432222222222222,0.105221289650231,0.224166666666667,0.433333333333333,0.6275,0.392931946949225,0.47151249749522,30,3
"nb_vaisseaux","mode","taux_erreur",0.432222222222222,0.105221289650231,0.224166666666667,0.433333333333333,0.6275,0.392931946949225,0.47151249749522,30,3
"nb_vaisseaux","Knn","taux_erreur",0.44,0.0907187139319736,0.266666666666667,0.433333333333333,0.609166666666667,0.406125075498999,0.473874924501001,30,5
"nb_vaisseaux","ACP","taux_erreur",0.454444444444444,0.113961522488594,0.248333333333333,0.433333333333333,0.651666666666667,0.411890512592907,0.496998376295982,30,6
"nb_vaisseaux","AFDM","taux_erreur",0.46,0.0980265035707122,0.290833333333333,0.433333333333333,0.6425,0.423396302001756,0.496603697998244,30,7
"test_thallium","RandomForest","taux_erreur",0.353488372093023,0.0627000444536929,0.249418604651163,0.36046511627907,0.471511627906977,0.330075790719009,0.376900953467038,30,1
"test_thallium","AFDM","taux_erreur",0.37984496124031,0.0658718149206844,0.249418604651163,0.395348837209302,0.488372093023256,0.355248021309533,0.404441901171087,30,2
"test_thallium","ACP","taux_erreur",0.393798449612403,0.0688074377343318,0.27906976744186,0.395348837209302,0.501162790697674,0.368105330107803,0.419491569117003,30,3
"test_thallium","Knn","taux_erreur",0.401550387596899,0.0654742518373108,0.29593023255814,0.418604651162791,0.511627906976744,0.377101900161202,0.425998875032596,30,4
"test_thallium","mice","taux_erreur",0.41937984496124,0.0759081416224805,0.3,0.418604651162791,0.577325581395349,0.391035279049503,0.447724410872977,30,5
"test_thallium","mode","taux_erreur",0.59922480620155,0.0479657744197596,0.528488372093023,0.593023255813953,0.680813953488372,0.581314091678858,0.617135520724243,30,6
