"variable","modele_imputation","metrique","erreur_moyenne","sd_erreur","q025","mediane","q975","ic_moyenne_bas","ic_moyenne_haut","nb_repetitions"
"angine_effort","ACP","accuracy",0.633720930232558,0.0494981434541195,0.531686046511628,0.645348837209302,0.709302325581395,0.615238019708657,0.652203840756459,30
"ecg_repos","ACP","accuracy",0.613553113553114,0.0415285894359399,0.53543956043956,0.620879120879121,0.692307692307692,0.598046083406826,0.629060143699401,30
"glyc_jeun_elevee","ACP","accuracy",0.81004016064257,0.0422941137824134,0.743674698795181,0.807228915662651,0.874096385542169,0.794247279007472,0.825833042277669,30
"nb_vaisseaux","ACP","accuracy",0.545555555555556,0.113961522488594,0.348333333333333,0.566666666666667,0.751666666666667,0.503001623704018,0.588109487407093,30
"pente_st","ACP","accuracy",0.533879781420765,0.0672046118700761,0.438114754098361,0.532786885245902,0.660245901639344,0.508785166930032,0.558974395911498,30
"test_thallium","ACP","accuracy",0.606201550387597,0.0688074377343318,0.498837209302326,0.604651162790698,0.720930232558139,0.580508430882997,0.631894669892197,30
"angine_effort","AFDM","accuracy",0.748062015503876,0.0478294985219889,0.659593023255814,0.744186046511628,0.837209302325581,0.730202187237703,0.765921843770049,30
"ecg_repos","AFDM","accuracy",0.619413919413919,0.0455822097847754,0.529395604395604,0.631868131868132,0.676373626373626,0.602393242553289,0.63643459627455,30
"glyc_jeun_elevee","AFDM","accuracy",0.826907630522088,0.0320305597200725,0.779819277108434,0.819277108433735,0.879518072289157,0.814947222958816,0.83886803808536,30
"nb_vaisseaux","AFDM","accuracy",0.54,0.0980265035707122,0.3575,0.566666666666667,0.709166666666667,0.503396302001756,0.576603697998244,30
"pente_st","AFDM","accuracy",0.652459016393443,0.054524079937868,0.564754098360656,0.655737704918033,0.737704918032787,0.632099390343554,0.672818642443332,30
"test_thallium","AFDM","accuracy",0.62015503875969,0.0658718149206844,0.511627906976744,0.604651162790698,0.750581395348837,0.595558098828913,0.644751978690467,30
"angine_effort","Knn","accuracy",0.735658914728682,0.0492321198001067,0.644767441860465,0.720930232558139,0.813953488372093,0.717275339069712,0.754042490387652,30
"ecg_repos","Knn","accuracy",0.6,0.0467651107770565,0.502472527472527,0.598901098901099,0.673351648351648,0.582537620649675,0.617462379350325,30
"glyc_jeun_elevee","Knn","accuracy",0.809236947791165,0.0379791097226135,0.746987951807229,0.807228915662651,0.879518072289157,0.795055315152132,0.823418580430198,30
"nb_vaisseaux","Knn","accuracy",0.56,0.0907187139319736,0.390833333333333,0.566666666666667,0.733333333333333,0.526125075498999,0.593874924501002,30
"pente_st","Knn","accuracy",0.652459016393443,0.0561980128252491,0.552868852459016,0.655737704918033,0.737704918032787,0.631474333530884,0.673443699256001,30
"test_thallium","Knn","accuracy",0.598449612403101,0.0654742518373108,0.488372093023256,0.581395348837209,0.70406976744186,0.574001124967404,0.622898099838798,30
"nb_vaisseaux","median","accuracy",0.567777777777778,0.105221289650231,0.3725,0.566666666666667,0.775833333333333,0.52848750250478,0.607068053050775,30
"pente_st","median","accuracy",0.555737704918033,0.0462375658998991,0.475409836065574,0.557377049180328,0.631967213114754,0.538472314062253,0.573003095773812,30
"angine_effort","mice","accuracy",0.737596899224806,0.0516131065766647,0.638372093023256,0.738372093023256,0.825581395348837,0.71832424849193,0.756869549957683,30
"ecg_repos","mice","accuracy",0.595238095238095,0.0384028495371564,0.512362637362637,0.604395604395604,0.651373626373626,0.580898235551923,0.609577954924267,30
"glyc_jeun_elevee","mice","accuracy",0.807228915662651,0.0382308834909093,0.755722891566265,0.801204819277108,0.891566265060241,0.792953269153461,0.82150456217184,30
"nb_vaisseaux","mice","accuracy",0.574444444444444,0.098137183416062,0.366666666666667,0.6,0.718333333333333,0.537799417912732,0.611089470976157,30
"pente_st","mice","accuracy",0.611475409836066,0.0483537088647627,0.536475409836066,0.60655737704918,0.70655737704918,0.593419838210949,0.629530981461183,30
"test_thallium","mice","accuracy",0.58062015503876,0.0759081416224805,0.422674418604651,0.581395348837209,0.7,0.552275589127022,0.608964720950497,30
"angine_effort","mode","accuracy",0.623643410852713,0.0486174585265481,0.534883720930233,0.622093023255814,0.697674418604651,0.605489353485318,0.641797468220109,30
"ecg_repos","mode","accuracy",0.602197802197802,0.0452996616597636,0.527472527472527,0.593406593406593,0.712362637362637,0.585282630540981,0.619112973854623,30
"glyc_jeun_elevee","mode","accuracy",0.831325301204819,0.031954938966397,0.779819277108434,0.837349397590361,0.882831325301205,0.819393130895036,0.843257471514603,30
"nb_vaisseaux","mode","accuracy",0.567777777777778,0.105221289650231,0.3725,0.566666666666667,0.775833333333333,0.52848750250478,0.607068053050775,30
"pente_st","mode","accuracy",0.555737704918033,0.0462375658998991,0.475409836065574,0.557377049180328,0.631967213114754,0.538472314062253,0.573003095773812,30
"test_thallium","mode","accuracy",0.40077519379845,0.0479657744197596,0.319186046511628,0.406976744186047,0.471511627906977,0.382864479275757,0.418685908321143,30
"angine_effort","RandomForest","accuracy",0.792635658914729,0.0288214467444731,0.752616279069767,0.779069767441861,0.846802325581395,0.781873553830096,0.803397763999362,30
"ecg_repos","RandomForest","accuracy",0.619413919413919,0.0471979319636201,0.51043956043956,0.620879120879121,0.692307692307692,0.601789921976412,0.637037916851426,30
"glyc_jeun_elevee","RandomForest","accuracy",0.830923694779117,0.0344402692793688,0.767771084337349,0.843373493975904,0.889457831325301,0.818063486878599,0.843783902679634,30
"nb_vaisseaux","RandomForest","accuracy",0.576666666666667,0.102141814119247,0.366666666666667,0.6,0.7275,0.538526286454934,0.614807046878399,30
"pente_st","RandomForest","accuracy",0.677595628415301,0.0529606690560317,0.585655737704918,0.672131147540984,0.80327868852459,0.657819789582964,0.697371467247638,30
"test_thallium","RandomForest","accuracy",0.646511627906977,0.0627000444536929,0.528488372093023,0.63953488372093,0.750581395348837,0.623099046532962,0.669924209280991,30
"cholesterol","ACP","MAE",43.299828327295,4.19500005004792,36.763746647058,42.8762221683637,50.6960837952272,41.7333895649066,44.8662670896835,30
"depress_st","ACP","MAE",1.46382884566555,0.102013916603346,1.24455704309758,1.47679788729078,1.63689992115832,1.42573622317113,1.50192146815997,30
"fc_max","ACP","MAE",37.0692658044971,3.14523288520628,30.719544285364,37.2184819275097,41.912066712236,35.8948165436277,38.2437150653666,30
"nb_vaisseaux","ACP","MAE",0.683333333333333,0.220718089643295,0.33,0.633333333333333,1.1125,0.600915844167003,0.765750822499664,30
"pa_repos","ACP","MAE",15.2838709867773,1.43013051469078,12.7743398584486,15.381703801948,17.9509939217044,14.7498514762268,15.8178904973279,30
"pente_st","ACP","MAE",0.515846994535519,0.0782933990165304,0.368032786885246,0.516393442622951,0.639344262295082,0.486611758875096,0.545082230195942,30
"cholesterol","AFDM","MAE",43.1841824419045,4.23226779274665,36.8301707127655,42.7228232722161,51.9107670748987,41.6038276756892,44.7645372081197,30
"depress_st","AFDM","MAE",0.770165105396161,0.0581877566674767,0.66033288454313,0.787550267447544,0.852379091531503,0.748437439972338,0.791892770819984,30
"fc_max","AFDM","MAE",16.9548960812586,1.13664438795609,15.2722311637098,16.8158732591126,18.7460946326358,16.5304660914842,17.3793260710331,30
"nb_vaisseaux","AFDM","MAE",0.69,0.187369367009356,0.420833333333333,0.666666666666667,1.06666666666667,0.620035128518226,0.759964871481774,30
"pa_repos","AFDM","MAE",14.1296402759063,1.07165078948573,12.3548033456145,14.02793579736,16.0397544054239,13.7294792946507,14.5298012571619,30
"pente_st","AFDM","MAE",0.365573770491803,0.0576228281923773,0.278688524590164,0.360655737704918,0.463524590163934,0.344057052827412,0.387090488156195,30
"cholesterol","EM","MAE",43.058857301532,4.13580632473651,37.4001964090839,42.8828128300162,51.8344601854639,41.5145218394325,44.6031927636316,30
"depress_st","EM","MAE",0.858879578260862,0.0640926062151354,0.758476029852699,0.866302156092279,0.964355696251125,0.834947005779311,0.882812150742414,30
"fc_max","EM","MAE",19.8631919644538,1.19542505575271,18.3352428381,19.7053087891019,22.3138316281577,19.4168129126014,20.3095710163063,30
"pa_repos","EM","MAE",13.8754167095583,1.15695827198706,11.933527384832,13.9476521924521,15.6443410391024,13.4434013908253,14.3074320282913,30
"cholesterol","Knn","MAE",46.0205633802817,3.91171743646947,39.4331690140845,45.6774647887324,53.4121126760563,44.5599040842403,47.4812226763231,30
"depress_st","Knn","MAE",0.731537254901961,0.0586343565324853,0.642558823529412,0.720470588235294,0.84665294117647,0.709642826347868,0.753431683456053,30
"fc_max","Knn","MAE",17.7457364341085,1.31529447837627,15.2323837209302,17.796511627907,19.6652325581395,17.2545974042388,18.2368754639783,30
"nb_vaisseaux","Knn","MAE",0.615555555555556,0.159677196718816,0.3575,0.6,0.933333333333333,0.555931110400419,0.675180000710692,30
"pa_repos","Knn","MAE",14.7735658914729,1.08847943653496,12.5623255813953,14.8325581395349,16.5809302325581,14.3671209901357,15.18001079281,30
"pente_st","Knn","MAE",0.390710382513661,0.0716624027907473,0.278688524590164,0.377049180327869,0.517213114754098,0.363951201536765,0.417469563490557,30
"cholesterol","mean","MAE",43.2372132848611,4.4060444965939,36.6528375819057,43.1448505561965,52.2866066569432,41.5919692310037,44.8824573387186,30
"depress_st","mean","MAE",0.906966390178322,0.0614452963786431,0.808118255840499,0.898086903584202,1.02038596758238,0.884022339435617,0.929910440921028,30
"fc_max","mean","MAE",21.146405648267,1.57923702737036,18.8823226706869,21.0851718064304,23.8335970385408,20.5567088508513,21.7361024456827,30
"pa_repos","mean","MAE",14.4295765478837,1.08172328399947,12.6871401959017,14.2430292650682,16.1912888348056,14.0256544353642,14.8334986604033,30
"cholesterol","median","MAE",42.8206572769953,4.25651923281924,36.8239436619718,42.7605633802817,51.7580985915493,41.2312468742317,44.4100676797589,30
"depress_st","median","MAE",0.89156862745098,0.0783976770080043,0.756647058823529,0.899411764705882,1.03285294117647,0.862294453748612,0.920842801153349,30
"fc_max","median","MAE",21.1647286821705,1.61636440421732,18.8415697674419,21.2209302325581,24.0488372093023,20.5611682943984,21.7682890699426,30
"nb_vaisseaux","median","MAE",0.691111111111111,0.21583542285117,0.33,0.666666666666667,1.1125,0.610516839688705,0.771705382533518,30
"pa_repos","median","MAE",14.0624031007752,1.14992271722231,12.1508720930233,13.843023255814,16.1726744186047,13.6330149013668,14.4917913001836,30
"pente_st","median","MAE",0.444262295081967,0.0462375658998991,0.368032786885246,0.442622950819672,0.524590163934426,0.426996904226188,0.461527685937747,30
"cholesterol","mice","MAE",47.349014084507,3.95021479802339,41.517323943662,47.6225352112676,53.9457746478873,45.8739796374124,48.8240485316016,30
"depress_st","mice","MAE",0.759788235294118,0.0713293173871153,0.656276470588235,0.754941176470588,0.891635294117647,0.733153430451003,0.786423040137233,30
"fc_max","mice","MAE",17.3242635658915,1.32846738881803,14.6391279069767,17.2209302325581,19.6782558139535,16.8282056904238,17.8203214413591,30
"nb_vaisseaux","mice","MAE",0.645555555555556,0.187845892110078,0.4,0.616666666666667,1.05166666666667,0.575412746676853,0.715698364434258,30
"pa_repos","mice","MAE",15.26,1.24751608262967,12.7923837209302,15.4279069767442,17.3501162790698,14.7941698390417,15.7258301609583,30
"pente_st","mice","MAE",0.410928961748634,0.0588612578996927,0.297950819672131,0.409836065573771,0.500819672131148,0.388949806831587,0.43290811666568,30
"cholesterol","mode","MAE",47.8582159624413,5.62781971434165,39.9394366197183,46.7605633802817,58.4158450704225,45.7567535445379,49.9596783803447,30
"depress_st","mode","MAE",0.935254901960784,0.112596025738614,0.749529411764706,0.94764705882353,1.11244117647059,0.893210854975413,0.977298948946156,30
"fc_max","mode","MAE",22.803488372093,2.13731612840605,18.8415697674419,22.9302325581395,26.85,22.0054014135541,23.6015753306319,30
"nb_vaisseaux","mode","MAE",0.691111111111111,0.21583542285117,0.33,0.666666666666667,1.1125,0.610516839688705,0.771705382533518,30
"pa_repos","mode","MAE",16.2670542635659,1.52009988925467,13.9433139534884,16.296511627907,19.2316860465116,15.6994396364329,16.8346688906989,30
"pente_st","mode","MAE",0.444262295081967,0.0462375658998991,0.368032786885246,0.442622950819672,0.524590163934426,0.426996904226188,0.461527685937747,30
"cholesterol","RandomForest","MAE",43.5262816022423,4.23580465557911,36.8678409137324,43.5378794638618,52.7396824620669,41.9446061497405,45.1079570547441,30
"depress_st","RandomForest","MAE",0.68963821520348,0.0572949193051916,0.599068619646066,0.684505925351332,0.791709887425234,0.668243940729862,0.711032489677099,30
"fc_max","RandomForest","MAE",15.9230930994215,1.23012509995235,13.9858013049194,15.8764609188771,18.201091392842,15.4637568381191,16.3824293607239,30
"nb_vaisseaux","RandomForest","MAE",0.633333333333333,0.193178693604743,0.3875,0.583333333333333,1.03666666666667,0.56119922365041,0.705467443016257,30
"pa_repos","RandomForest","MAE",13.927438544197,1.0578638179443,12.1412831093025,13.7615886669917,15.6592687206242,13.5324257027222,14.3224513856718,30
"pente_st","RandomForest","MAE",0.337158469945355,0.0591361346235143,0.213114754098361,0.344262295081967,0.447131147540984,0.315076674372782,0.359240265517929,30
"cholesterol","ACP","RMSE",58.346526762246,7.38922710660226,47.1476384809992,58.0850068384882,75.1417508267439,55.5873440147414,61.1057095097506,30
"depress_st","ACP","RMSE",1.72397170058603,0.117153126466616,1.46749408995028,1.73956410789525,1.91108118595647,1.680226004223,1.76771739694907,30
"fc_max","ACP","RMSE",44.2795806856075,3.78771547797074,36.8495011421906,44.4857872442946,51.0434929525978,42.8652244818396,45.6939368893754,30
"nb_vaisseaux","ACP","RMSE",1.08766836223136,0.23557164617955,0.696383876528004,1.05669507150745,1.49119735825766,0.999704463901708,1.17563226056101,30
"pa_repos","ACP","RMSE",20.0117046553796,2.01061615921498,16.5577101662087,19.6333281124475,23.8410945301562,19.2609282428637,20.7624810678954,30
"pente_st","ACP","RMSE",0.781408233758101,0.0697412854261813,0.651203788153276,0.789272335554801,0.882859046947217,0.755366409794566,0.807450057721635,30
"cholesterol","AFDM","RMSE",57.1551378463315,7.34931369707455,47.6083974150806,55.246062837895,73.3135905209692,54.4108590108835,59.8994166817795,30
"depress_st","AFDM","RMSE",0.990969292165705,0.0882515596317538,0.847420873079517,1.02397895160682,1.12169586791176,0.958015618220734,1.02392296611067,30
"fc_max","AFDM","RMSE",21.3150992008395,1.31733984195417,19.1316134318315,21.6245718168671,23.2675521988456,20.8231964196579,21.8070019820212,30
"nb_vaisseaux","AFDM","RMSE",1.09138451682092,0.206202257586047,0.758480790647963,1.11800914216973,1.43932979171049,1.01438732842491,1.16838170521692,30
"pa_repos","AFDM","RMSE",17.9702303932002,1.50726527057417,15.6393051161501,17.7857489068674,21.0799186778487,17.4074082914454,18.533052494955,30
"pente_st","AFDM","RMSE",0.631321073170938,0.0563827452750244,0.549797504471375,0.63371722392583,0.730415971151677,0.610267410077975,0.652374736263901,30
"cholesterol","EM","RMSE",57.1216825351779,7.46406664695768,47.4241917577454,55.7026632827261,73.4874790850645,54.3345542440324,59.9088108263233,30
"depress_st","EM","RMSE",1.06628842159139,0.0941951119440654,0.922903577675091,1.07483977963286,1.20374711786756,1.03111538873886,1.10146145444392,30
"fc_max","EM","RMSE",23.9269163331329,1.40130563449035,22.0254012975163,23.5129098861231,26.6266605827845,23.4036602097405,24.4501724565253,30
"pa_repos","EM","RMSE",17.7043518614096,1.54783921276706,14.9145941265838,17.5961709524756,20.6102923775293,17.1263792006475,18.2823245221716,30
"cholesterol","Knn","RMSE",60.9370991018939,6.07021886431289,50.4600989871889,59.8169808926043,74.064139220963,58.6704421264947,63.2037560772931,30
"depress_st","Knn","RMSE",0.987493388757448,0.080679815067771,0.848534099340691,0.98652911809177,1.1218842332927,0.957367050698634,1.01761972681626,30
"fc_max","Knn","RMSE",22.2224727922096,1.55410233164604,19.0785858954643,22.4772278775746,24.3504833124126,21.6421614444229,22.8027841399963,30
"nb_vaisseaux","Knn","RMSE",0.995327725999732,0.180645223111082,0.686577687669508,1.00826502273256,1.29802529906587,0.927873691114018,1.06278176088545,30
"pa_repos","Knn","RMSE",18.7826853764769,1.36694326552451,16.5280067743122,18.6396318518604,21.3356153809192,18.2722603725299,19.293110380424,30
"pente_st","Knn","RMSE",0.685815496245291,0.083291876312657,0.549797504471375,0.689499699829937,0.839593969003402,0.654713798488049,0.716917194002534,30
"cholesterol","mean","RMSE",57.1861040728431,7.560207018406,46.8488996394225,55.4579609302778,73.4026990916959,54.3630763770086,60.0091317686775,30
"depress_st","mean","RMSE",1.10139855452556,0.0950118790334012,0.951761062752047,1.11207074967913,1.25283300948248,1.06592053582957,1.13687657322155,30
"fc_max","mean","RMSE",25.5400743291535,1.69714165261559,22.9423533873689,25.3930837601906,28.3342625943113,24.906351221119,26.1737974371879,30
"pa_repos","mean","RMSE",18.2268617772034,1.5585856705938,15.5257793362545,17.9613566191379,21.480735188388,17.6448763231404,18.8088472312663,30
"cholesterol","median","RMSE",57.5400690245919,7.87028064696615,46.8763281556602,55.1218777318645,74.6774138563355,54.6012579330062,60.4788801161776,30
"depress_st","median","RMSE",1.17132550101738,0.11443707394996,0.97809195450686,1.15343050399696,1.34168582512596,1.12859399533183,1.21405700670294,30
"fc_max","median","RMSE",25.739618680181,1.72100075242701,23.0198456755562,25.7053021266437,28.5975568966913,25.0969864378595,26.3822509225026,30
"nb_vaisseaux","median","RMSE",1.12526816155303,0.23585113202539,0.727594961985731,1.11055541659718,1.51592132478779,1.0371999014934,1.21333642161265,30
"pa_repos","median","RMSE",18.2867116746209,1.68191646302464,15.3627490744798,18.0374180695647,21.7112314603034,17.658673745813,18.9147496034288,30
"pente_st","median","RMSE",0.665650807213472,0.0348093022350357,0.60653453693395,0.665299143859116,0.724285968340148,0.652652800142642,0.678648814284302,30
"cholesterol","mice","RMSE",62.47049613674,6.6749773570635,52.0440593122564,62.0277058411466,74.8990163986273,59.9780186288911,64.9629736445889,30
"depress_st","mice","RMSE",1.00659719585617,0.094682382469421,0.850965698046509,1.01028055076056,1.1566628296186,0.971242213199211,1.04195217851313,30
"fc_max","mice","RMSE",21.9147988327918,1.5037493458289,19.4863504657292,21.8662108119112,24.1691167719163,21.3532895989133,22.4763080666703,30
"nb_vaisseaux","mice","RMSE",1.06605289343154,0.209482409668406,0.774596669241483,1.02440442408508,1.48543799237189,0.987830876118482,1.1442749107446,30
"pa_repos","mice","RMSE",19.4001603090627,1.55871355713613,16.4698067119965,19.1847283921387,22.2892180746898,18.8181271013801,19.9821935167454,30
"pente_st","mice","RMSE",0.671971610036858,0.0658514018585039,0.55400635095862,0.677507485894158,0.781692895697851,0.647382292468769,0.696560927604947,30
"cholesterol","mode","RMSE",63.7183695802925,9.79599523693411,50.5593538081779,62.033766765812,82.3822532012238,60.0604848431682,67.3762543174168,30
"depress_st","mode","RMSE",1.42122597089731,0.122528609235086,1.21263926150195,1.40690922852804,1.59726531215082,1.37547303628049,1.46697890551412,30
"fc_max","mode","RMSE",28.0136894206054,2.50985779159887,23.0198456755562,28.4642762904395,32.6746467210692,27.0764931188323,28.9508857223786,30
"nb_vaisseaux","mode","RMSE",1.12526816155303,0.23585113202539,0.727594961985731,1.11055541659718,1.51592132478779,1.0371999014934,1.21333642161265,30
"pa_repos","mode","RMSE",21.7192689166409,2.16614089412098,18.2029623418736,21.5758683526596,25.4471011535502,20.9104186136935,22.5281192195884,30
"pente_st","mode","RMSE",0.665650807213472,0.0348093022350357,0.60653453693395,0.665299143859116,0.724285968340148,0.652652800142642,0.678648814284302,30
"cholesterol","RandomForest","RMSE",57.8242756091111,7.03173500424402,48.7065886430178,57.0982521509874,71.9267938584033,55.1985826064696,60.4499686117525,30
"depress_st","RandomForest","RMSE",0.907963586045748,0.078664818136409,0.776159330698095,0.926277410675193,1.03136816337458,0.878589660206653,0.937337511884843,30
"fc_max","RandomForest","RMSE",20.033739311964,1.3596687464277,17.6174190136333,20.3049879706104,22.1467167551707,19.5260306580897,20.5414479658383,30
"nb_vaisseaux","RandomForest","RMSE",1.04721469477671,0.211744925543714,0.750896529981071,1.01653004546513,1.45133300080331,0.968147840151297,1.12628154940212,30
"pa_repos","RandomForest","RMSE",17.6966509508296,1.56881830945422,14.9231468531699,17.6578369531745,20.7862957904927,17.110844566621,18.2824573350383,30
"pente_st","RandomForest","RMSE",0.602218612256561,0.064322005553268,0.491260698002949,0.614043304928788,0.716016044776826,0.578200380654382,0.62623684385874,30
"angine_effort","ACP","taux_erreur",0.366279069767442,0.0494981434541196,0.290697674418605,0.354651162790698,0.468313953488372,0.347796159243541,0.384761980291343,30
"ecg_repos","ACP","taux_erreur",0.386446886446886,0.0415285894359399,0.307692307692308,0.379120879120879,0.46456043956044,0.370939856300599,0.401953916593174,30
"glyc_jeun_elevee","ACP","taux_erreur",0.18995983935743,0.0422941137824134,0.125903614457831,0.192771084337349,0.256325301204819,0.174166957722331,0.205752720992528,30
"nb_vaisseaux","ACP","taux_erreur",0.454444444444444,0.113961522488594,0.248333333333333,0.433333333333333,0.651666666666667,0.411890512592907,0.496998376295982,30
"pente_st","ACP","taux_erreur",0.466120218579235,0.0672046118700761,0.339754098360656,0.467213114754098,0.561885245901639,0.441025604088502,0.491214833069968,30
"test_thallium","ACP","taux_erreur",0.393798449612403,0.0688074377343318,0.27906976744186,0.395348837209302,0.501162790697674,0.368105330107803,0.419491569117003,30
"angine_effort","AFDM","taux_erreur",0.251937984496124,0.0478294985219889,0.162790697674419,0.255813953488372,0.340406976744186,0.234078156229951,0.269797812762297,30
"ecg_repos","AFDM","taux_erreur",0.380586080586081,0.0455822097847754,0.323626373626374,0.368131868131868,0.470604395604396,0.36356540372545,0.397606757446711,30
"glyc_jeun_elevee","AFDM","taux_erreur",0.173092369477912,0.0320305597200725,0.120481927710843,0.180722891566265,0.220180722891566,0.16113196191464,0.185052777041184,30
"nb_vaisseaux","AFDM","taux_erreur",0.46,0.0980265035707122,0.290833333333333,0.433333333333333,0.6425,0.423396302001756,0.496603697998244,30
"pente_st","AFDM","taux_erreur",0.347540983606557,0.0545240799378679,0.262295081967213,0.344262295081967,0.435245901639344,0.327181357556668,0.367900609656446,30
"test_thallium","AFDM","taux_erreur",0.37984496124031,0.0658718149206844,0.249418604651163,0.395348837209302,0.488372093023256,0.355248021309533,0.404441901171087,30
"angine_effort","Knn","taux_erreur",0.264341085271318,0.0492321198001067,0.186046511627907,0.27906976744186,0.355232558139535,0.245957509612348,0.282724660930288,30
"ecg_repos","Knn","taux_erreur",0.4,0.0467651107770565,0.326648351648352,0.401098901098901,0.497527472527473,0.382537620649675,0.417462379350325,30
"glyc_jeun_elevee","Knn","taux_erreur",0.190763052208835,0.0379791097226134,0.120481927710843,0.192771084337349,0.253012048192771,0.176581419569802,0.204944684847868,30
"nb_vaisseaux","Knn","taux_erreur",0.44,0.0907187139319736,0.266666666666667,0.433333333333333,0.609166666666667,0.406125075498999,0.473874924501001,30
"pente_st","Knn","taux_erreur",0.347540983606557,0.0561980128252491,0.262295081967213,0.344262295081967,0.447131147540984,0.326556300743999,0.368525666469116,30
"test_thallium","Knn","taux_erreur",0.401550387596899,0.0654742518373108,0.29593023255814,0.418604651162791,0.511627906976744,0.377101900161202,0.425998875032596,30
"nb_vaisseaux","median","taux_erreur",0.432222222222222,0.105221289650231,0.224166666666667,0.433333333333333,0.6275,0.392931946949225,0.47151249749522,30
"pente_st","median","taux_erreur",0.444262295081967,0.0462375658998991,0.368032786885246,0.442622950819672,0.524590163934426,0.426996904226188,0.461527685937747,30
"angine_effort","mice","taux_erreur",0.262403100775194,0.0516131065766647,0.174418604651163,0.261627906976744,0.361627906976744,0.243130450042317,0.28167575150807,30
"ecg_repos","mice","taux_erreur",0.404761904761905,0.0384028495371564,0.348626373626374,0.395604395604396,0.487637362637363,0.390422045075733,0.419101764448077,30
"glyc_jeun_elevee","mice","taux_erreur",0.192771084337349,0.0382308834909093,0.108433734939759,0.198795180722892,0.244277108433735,0.17849543782816,0.207046730846539,30
"nb_vaisseaux","mice","taux_erreur",0.425555555555556,0.098137183416062,0.281666666666667,0.4,0.633333333333333,0.388910529023843,0.462200582087268,30
"pente_st","mice","taux_erreur",0.388524590163934,0.0483537088647627,0.29344262295082,0.39344262295082,0.463524590163934,0.370469018538817,0.406580161789051,30
"test_thallium","mice","taux_erreur",0.41937984496124,0.0759081416224805,0.3,0.418604651162791,0.577325581395349,0.391035279049503,0.447724410872977,30
"angine_effort","mode","taux_erreur",0.376356589147287,0.0486174585265481,0.302325581395349,0.377906976744186,0.465116279069767,0.358202531779891,0.394510646514682,30
"ecg_repos","mode","taux_erreur",0.397802197802198,0.0452996616597636,0.287637362637363,0.406593406593407,0.472527472527473,0.380887026145376,0.414717369459019,30
"glyc_jeun_elevee","mode","taux_erreur",0.168674698795181,0.031954938966397,0.117168674698795,0.162650602409639,0.220180722891566,0.156742528485398,0.180606869104964,30
"nb_vaisseaux","mode","taux_erreur",0.432222222222222,0.105221289650231,0.224166666666667,0.433333333333333,0.6275,0.392931946949225,0.47151249749522,30
"pente_st","mode","taux_erreur",0.444262295081967,0.0462375658998991,0.368032786885246,0.442622950819672,0.524590163934426,0.426996904226188,0.461527685937747,30
"test_thallium","mode","taux_erreur",0.59922480620155,0.0479657744197596,0.528488372093023,0.593023255813953,0.680813953488372,0.581314091678858,0.617135520724243,30
"angine_effort","RandomForest","taux_erreur",0.207364341085271,0.0288214467444732,0.153197674418605,0.22093023255814,0.247383720930233,0.196602236000638,0.218126446169904,30
"ecg_repos","RandomForest","taux_erreur",0.380586080586081,0.0471979319636201,0.307692307692308,0.379120879120879,0.48956043956044,0.362962083148574,0.398210078023588,30
"glyc_jeun_elevee","RandomForest","taux_erreur",0.169076305220884,0.0344402692793688,0.110542168674699,0.156626506024096,0.232228915662651,0.156216097320366,0.181936513121401,30
"nb_vaisseaux","RandomForest","taux_erreur",0.423333333333333,0.102141814119247,0.2725,0.4,0.633333333333333,0.385192953121601,0.461473713545065,30
"pente_st","RandomForest","taux_erreur",0.322404371584699,0.0529606690560317,0.19672131147541,0.327868852459016,0.414344262295082,0.302628532752362,0.342180210417036,30
"test_thallium","RandomForest","taux_erreur",0.353488372093023,0.0627000444536929,0.249418604651163,0.36046511627907,0.471511627906977,0.330075790719009,0.376900953467038,30
